Date,Category,Headline,Description,Content,URL
2025-06-18,business,Nippon Steel completes takeover of U.S. Steel in $14.2 billion deal - The Washington Post,Nippon Steel completes its purchase of U.S. Steel after more than a year and half of high-stakes negotiations and national security concerns.,"Nippon Steel has completed its $14.2 billion takeover of U.S. Steel, the company announced Wednesday, capping a year and a half of fraught negotiations and resulting in a landmark deal for a presiden… [+4899 chars]",https://www.washingtonpost.com/business/2025/06/18/steel-nippon-golden-share-trump/
2025-06-18,business,Scoop: Moreno opens up Senate front in MAGA's war on Fed chair Powell - Axios,"""This circular logic is intellectually dishonest.""","<ul><li>For months, Trump has been badgering Powell to cut interest rates faster, and Wednesday he called him ""stupid."" Trump appointed Powell in his first term.</li></ul>Driving the news: The Fed on… [+2002 chars]",https://www.axios.com/2025/06/18/moreno-jerome-powell-federal-reserve-trump
2025-06-18,business,DOJ announces largest-ever crypto seizure related to ‘pig butchering’ scams - The Hill,The Department of Justice (DOJ) on Wednesday announced the largest-ever seizure of cryptocurrency funds linked to so-called pig-butchering scams. The U.S. attorney’s office filed a civil forfeiture complaint in the District Court for the District of Columbia …,"Skip to content
The Department of Justice (DOJ) on Wednesday announced the largest-ever seizure of cryptocurrency funds linked to so-called pig-butchering scams.
The U.S. attorney’s office filed a … [+2211 chars]",https://thehill.com/business/5358442-doj-crypto-seizure-pig-butchering-scams/
2025-06-18,business,NTSB issues rare safety bulletin about potential issues with Boeing 737 Max engines - CNN,The National Transportation Safety Board is issuing a rare urgent safety bulletin warning of potential problems with the jet engines on Boeing 737 Max aircraft.,"The National Transportation Safety Board issued a rare, urgent safety bulletin warning of potential problems with the jet engines on Boeing 737 Max aircraft.
The recommendation was inspired by two i… [+1279 chars]",https://www.cnn.com/2025/06/18/business/ntsb-safety-bulletin-boeing-737-max-engines
2025-06-18,business,"Coinbase Stock Jets Past Buy Point On Stablecoin News, Senate GENIUS Bill - Investor's Business Daily","Coinbase stock rallies on stablecoin payments solution, starting with Shopify. Visa, Mastercard, PayPal fall. Senate passes GENIUS bill.","Information in Investors Business Daily is for informational and educational purposes only and should not be construed as an offer, recommendation, solicitation, or rating to buy or sell securities. … [+1064 chars]",https://www.investors.com/news/coinbase-stock-stablecoin-payments-shopify-genius-act-visa-mastercard-paypal/
2025-06-18,business,Fed's Latest Economic Projections Hint at Stagflation Concerns - Investopedia,The Federal Reserve's 'dot plot' and economic projections showed that Fed officials aren't hurrying to cut interest rates and expect unemployment to rise while inflation remains stubbornly high.,"The Federal Reserve officials stuck to their interest rate expectations this week, but shifted their economic outlook in their latest economic projections.
The Federal Reserve Open Markets Committee… [+4104 chars]",https://www.investopedia.com/dot-plot-june-2025-11757391
2025-06-18,business,Investors see quick stock market drop if US joins Israel-Iran conflict - Yahoo Finance,"(Reuters) -Financial markets may be in for a ""knee-jerk"" selloff if the U.S. military attacks Iran, with economists warning that a dramatic rise in oil...","By Noel Randewich
(Reuters) -Financial markets may be in for a ""knee-jerk"" selloff if the U.S. military attacks Iran, with economists warning that a dramatic rise in oil prices could damage a global… [+5089 chars]",https://finance.yahoo.com/news/investors-see-quick-stock-market-205102856.html
2025-06-18,business,"N.J. knocks $60 off electric bills in time for summer heat wave. But, there’s a catch. - NJ.com",Gov. Phil Murphy already is using about $430 million to subsidize bills for about 3.9 million New Jerseyans,No content available,https://www.nj.com/news/2025/06/nj-knocks-60-of-electric-bills-in-time-for-summer-heat-wave-but-theres-a-catch.html
2025-06-18,business,Nike delays launch of women's brand in partnership with Kim Kardashian's Skims - Yahoo Finance,(Reuters) -Nike's launch of a new women's activewear brand in the U.S. through a partnership with Kim Kardashian-owned shapewear label Skims has been delayed...,"By Nicholas P. Brown and Ananya Mariam Rajesh
(Reuters) -Nike's launch of a new women's activewear brand in the U.S. through a partnership with Kim Kardashian-owned shapewear label Skims has been de… [+1272 chars]",https://finance.yahoo.com/news/nike-delays-launch-womens-brand-200650629.html
2025-06-18,business,"Meta's Scale AI deal has clients like Google halting projects, contractors scrambling, and one investor bailing out - Business Insider","Google, OpenAI, and xAI halted some Scale AI projects following Meta's investment announcement, leaving contractors scrambling.","Google, xAI, and other tech companies aren't wasting any time distancing themselves from Scale AI.
Just hours after Meta announced a massive $14.3 billion investment in the data labeling startup, Go… [+5989 chars]",https://www.businessinsider.com/google-xai-openai-pull-back-meta-scale-ai-investment-2025-6
2025-06-18,business,"Honda recalls more than 259,000 cars across the US due to brake pedal issue - AP News","Honda is recalling more than 259,000 of its cars across the U.S. due to a problem that can cause the brake pedal to shift out of position, potentially interfering with a driver’s ability to stop or slow down. According to the National Highway Traffic Safety A…","NEW YORK (AP) Honda is recalling more than 259,000 of its cars across the U.S. due to a problem that can cause the brake pedal to shift out of position, potentially interfering with a drivers ability… [+1924 chars]",https://apnews.com/article/honda-acura-recall-brake-pedal-20203f13b4f43d35d34a69c0e5592e12
2025-06-18,business,"Unless the Trump family secretly built a U.S. factory, industry experts say the $500 Made in America smartphone is a fantasy - Fortune",The Trump Organization's promise of a U.S.-built phone flies in the face of years of domestic manufacturing realities.,"Donald Trumps family business is putting the presidents name behind something that few have dared to produce in years: a made-in-America smartphone.The Trump Organization, led by the presidents eldes… [+5082 chars]",https://fortune.com/2025/06/18/trump-phone-made-in-america-smartphone-skeptics/
2025-06-18,business,Credit Card Annual Fees Are Rising. What It Means for JPMorgan and Other Stocks. - Barron's,,No content available,https://www.barrons.com/articles/chase-sapphire-credit-card-annual-fees-stock-0b893d34
2025-06-18,business,Deadly listeria outbreak linked to chicken alfredo fettucine sold at Kroger and Walmart - AP News,A listeria food poisoning outbreak that has killed three people and led to one pregnancy loss is linked to newly recalled heat-and-eat chicken fettucine alfredo products sold at Kroger and Walmart stores. Federal health officials say at least 17 people have b…,A listeria food poisoning outbreak that has killed three people and led to one pregnancy loss is linked to newly recalled heat-and-eat chicken fettucine alfredo products sold at Kroger and Walmart st… [+3051 chars],https://apnews.com/article/listeria-chicken-fettucine-alfredo-kroger-walmart-1c3544d1802d7594ca47a7219ffbb111
2025-06-18,business,Amazon announces company-wide workforce reduction as it embraces AI - KIRO 7 News Seattle,"Amazon will reduce its workforce as it implements more AI services and functionality, the company announced Monday.","This story was originally published on MyNorthwest.com. 
Amazon will reduce its workforce as it implements more AI services and functionality, the company announced Monday.
 In virtually every corn… [+1728 chars]",https://www.kiro7.com/news/local/amazon-announces-company-wide-workforce-reduction-it-embraces-ai/7DKETEKRVNAHBATV2ZQJVWYPVE/
2025-06-18,business,Waymo’s robotaxis are coming back to New York City - The Verge,Waymo applied for a permit to test autonomous vehicles with safety drivers in New York City. And it hopes it can change the state law to allow it to operate fully driverless.,"The company wants to change state law so it can operate vehicles without safety drivers. That will be a challenge.
Waymo announced today that it intends to launch a fully autonomous robotaxi service… [+3362 chars]",https://www.theverge.com/news/689093/waymo-nyc-permit-autonomous-testing-new-york-state
2025-06-18,business,US housing construction falls to 5-year low as tariffs weigh on sector - Financial Times,Signs of property market weakness come hours ahead of Federal Reserve’s decision on interest rates,"Complete digital access to quality analysis and expert insights, complemented with our award-winning Weekend Print edition.
<ul><li></li>Everything in Print<li></li>Weekday Print Edition<li></li>FT … [+202 chars]",https://www.ft.com/content/3ffaf2cf-815c-4962-95a5-efda946c46c0
2025-06-19,general,Report: Google's switch to TSMC for Pixel 10 chip was a 'shock' and wake-up call for Samsung - 9to5Google,"According to a report, Google's shift to TSMC for the Pixel 10's Tensor G5 chip was a ""shock"" to Samsung and is serving as a wake-up call.","According to a new report, Google’s switch from Samsung’s foundry to TSMC for the Tensor G5 chip in the upcoming Pixel 10 series was a “shock” for Samsung, and is serving as a wake-up call for the co… [+1912 chars]",http://9to5google.com/2025/06/18/google-tsmc-pixel-10-chip-samsung-shock-report/
2025-06-19,general,"Buss family to sell controlling stake of Lakers to Mark Walter for $10B valuation, AP source says - AP News","The Buss family has agreed to sell the controlling stake of the Los Angeles Lakers to TWG Global CEO Mark Walter, doing so with a franchise valuation of $10 billion — the most ever for a professional sports franchise, a person with knowledge of the agreement …","The Buss family has agreed to sell the controlling stake of the Los Angeles Lakers to TWG Global CEO Mark Walter, doing so with a franchise valuation of $10 billion the highest ever for a professiona… [+4155 chars]",https://apnews.com/article/los-angeles-lakers-sale-buss-walter-76c25e08bfe36d69c8bb8e0621dd1ead
2025-06-19,general,"The U.S. could join Israel's war with Iran to deploy this 30,000-pound bomb - Axios","The U.S. is in possession of a 30,000lb bomb designed to take out a bunker like Iran's Fordow facility.","Zoom in: The bomb in question is 30,000 pounds and precision-guided: the GBU-57 E/B Massive Ordnance Penetrator, also known as the ""MOP.""
<ul><li>In 2015, the U.S. Air Force said that the MOP was ""d… [+2492 chars]",https://www.axios.com/2025/06/19/israel-attacks-iran-us-bomb
2025-06-19,general,"Justin Baldoni Can Seek Messages Between Taylor Swift and Blake Lively, Judge Rules - Variety","Justin Baldoni can obtain messages between Taylor Swift and Blake Lively, a judge ruled Wednesday.","A judge ruled Wednesday that Justin Baldoni can obtain messages between Blake Lively and Taylor Swift that pertain to “It Ends With Us” and the legal melee between the film’s co-stars.
Lively had as… [+1636 chars]",https://variety.com/2025/film/news/justin-baldoni-seek-taylor-swift-blake-lively-judge-rules-1236435847/
2025-06-18,general,Hurricane Erick threatens Mexico as Category 2 storm strengthens - BBC,The storm is expected to make landfall on Mexico's southern Pacific coast on Thursday.,"People secure boats on a beach in Acapulco, Mexico as Hurricane Erick approaches
Hurricane Erick is expected to strengthen rapidly into a major Category 3 storm, before making landfall on Mexico's P… [+1927 chars]",https://www.bbc.com/news/articles/cvg9wprprxyo
2025-06-18,general,DOJ announces largest-ever crypto seizure related to ‘pig butchering’ scams - The Hill,The Department of Justice (DOJ) on Wednesday announced the largest-ever seizure of cryptocurrency funds linked to so-called pig-butchering scams. The U.S. attorney’s office filed a civil forfeiture complaint in the District Court for the District of Columbia …,"Skip to content
The Department of Justice (DOJ) on Wednesday announced the largest-ever seizure of cryptocurrency funds linked to so-called pig-butchering scams.
The U.S. attorney’s office filed a … [+2211 chars]",https://thehill.com/business/5358442-doj-crypto-seizure-pig-butchering-scams/
2025-06-18,general,"After Anne Burrell’s sudden death, fellow TV chefs share tributes - The Washington Post",Anne Burrell’s Food Network colleagues remembered the spiky-haired chef in emotional online posts.,"For two decades, Anne Burrell was a staple on Food Network, where she hosted, cooked and judged culinary competitions, sharing her exacting techniques and blunt persona with audiences and co-stars. A… [+3263 chars]",https://www.washingtonpost.com/food/2025/06/18/anne-burrell-death-food-network-chefs/
2025-06-18,general,"Marlon Humphrey, Kyle Hamilton React to Ravens Adding Jaire Alexander | News & Notes - Baltimore Ravens",The Ravens have a plan to help Jaire Alexander avoid injuries. John Harbaugh gives an update on Emery Jones Jr. Baltimore’s dates for joint practices with the Colts and Commanders have been announced.,No content available,https://www.baltimoreravens.com/news/marlon-humphrey-kyle-hamilton-john-harbaugh-reaction-jaire-alexander
2025-06-18,general,"Trump administration to close LGBTQ+ suicide hotline program next month - ABC News - Breaking News, Latest News and Videos",,No content available,https://abcnews.go.com/Health/trump-administration-close-lgbtq-suicide-hotline-program-month/story?id\\u003d122982945
2025-06-18,general,"Screen addiction and suicidal behaviors are linked for teens, a study shows : Shots - Health News - NPR","The study, published in JAMA, followed teens for years and evaluated addictive behaviors, as well as suicidality.","If you or someone you know is in crisis, contact the 988 Suicide &amp; Crisis Lifeline via call, text or chat.
A new study finds that addiction to social media, mobile phones and video games is link… [+6796 chars]",https://www.npr.org/sections/shots-health-news/2025/06/18/nx-s1-5436951/jama-screens-teens-addiction-suicide-abcd
2025-06-18,general,"Just 1 dose of magic mushroom compound eases depression for at least 5 years in most patients, small study suggests - Live Science","Half a decade after receiving a psychedelic treatment for depression, two-thirds of patients in a new study remained in remission.","DENVER—Psilocybin
, the main psychoactive ingredient in magic mushrooms, can alleviate depression for at least five years after a single dose, a new study finds.
The research, presented June 18 at … [+4959 chars]",https://www.livescience.com/health/mind/one-psychedelic-psilocybin-dose-eases-depression-for-years-study-reveals
2025-06-18,general,MAGA allies deride attacking Iran — but won’t criticize Trump directly - Politico,"“The Israelis have to finish what they started. They started this,"" says Steve Bannon.","Take screenshots of every single right winger who is shit talking Trump right now, conservative social media personality Laura Loomer wrote on X on Monday, encouraging her followers to post the evide… [+4187 chars]",https://www.politico.com/news/2025/06/18/trump-iran-conservatives-maga-00413634
2025-06-18,general,Trump gave Iran an ultimatum but has made no final decision on war - The Washington Post,The president told reporters at the White House on Wednesday that Iranian officials are eager to negotiate but that it may be too late.,"President Donald Trump delivered an ultimate ultimatum to Iranian leaders to dismantle their nuclear program, he told reporters on Wednesday. But he said he has not made a final decision about whethe… [+8376 chars]",https://www.washingtonpost.com/politics/2025/06/18/trump-iran-bombing-israel/
2025-06-18,general,Fed's Latest Economic Projections Hint at Stagflation Concerns - Investopedia,The Federal Reserve's 'dot plot' and economic projections showed that Fed officials aren't hurrying to cut interest rates and expect unemployment to rise while inflation remains stubbornly high.,"The Federal Reserve officials stuck to their interest rate expectations this week, but shifted their economic outlook in their latest economic projections.
The Federal Reserve Open Markets Committee… [+4104 chars]",https://www.investopedia.com/dot-plot-june-2025-11757391
2025-06-18,general,Mapping strikes in the Israel-Iran conflict - The Washington Post,See what sites Iran and Israel have hit in their escalating direct conflict.,"Airstrikes continued for a sixth day Wednesday amid the most intense faceoff in the history of the Israel-Iran conflict.
The confrontation that began Friday, when Israel launched an air campaign tar… [+2795 chars]",https://www.washingtonpost.com/world/2025/06/18/israel-iran-maps-strikes/
2025-06-18,general,Maps show heat wave forecast across U.S. Here's what to know. - CBS News,"The National Weather Service called the warm and above-average temperatures coming in behind the system ""the first significant heat wave this season.""","A heat wave is forecast across the eastern United States, and it's expected to bring severe storms and several days of record high temperatures at the start of the weekend and into next week.
As a l… [+3211 chars]",https://www.cbsnews.com/news/heat-wave-forecast-us-maps-this-week/
2025-06-18,general,"Study confirms White Sands footprints are ~23,000 years old - Ars Technica","Results are consistent with two earlier studies dating the footprints to between 22,000 and 24,000 years ago.",No content available,https://arstechnica.com/science/2025/06/study-confirms-white-sands-footprints-are-23000-years-old/
2025-06-18,general,Travis Kelce shares thoughts on whether 2025 is his final season - Arrowhead Pride,"On Wednesday, Kansas City Chiefs tight end Travis Kelce spoke to reporters for the first time since he decided he would make a return for the 2025 season.","On Wednesday, Kansas City Chiefs tight end Travis Kelce met with local reporters for the first time since his decision to return to the league for his 13th season. Kelces current contract runs throug… [+3378 chars]",https://www.arrowheadpride.com/2025/6/18/24451715/travis-kelce-shares-thoughts-on-whether-2025-is-his-final-season
2025-06-19,technology,Report: Google's switch to TSMC for Pixel 10 chip was a 'shock' and wake-up call for Samsung - 9to5Google,"According to a report, Google's shift to TSMC for the Pixel 10's Tensor G5 chip was a ""shock"" to Samsung and is serving as a wake-up call.","According to a new report, Google’s switch from Samsung’s foundry to TSMC for the Tensor G5 chip in the upcoming Pixel 10 series was a “shock” for Samsung, and is serving as a wake-up call for the co… [+1912 chars]",http://9to5google.com/2025/06/18/google-tsmc-pixel-10-chip-samsung-shock-report/
2025-06-19,technology,"Nintendo Switch 2 and Switch update 20.1.5 out now, patch notes - Nintendo Everything",Nintendo Switch 2 and Switch just received its latest firmware update with version 20.1.5 and you can read the patch notes here.,"Nintendo is back with another firmware update for Switch 2 and Switch, and users can now access version 20.1.5. Note that this is now live for both consoles.
After some more interesting firmware upg… [+737 chars]",https://nintendoeverything.com/nintendo-switch-2-switch-update-20-1-5-out-now-patch-notes/
2025-06-18,technology,"Hades 2 finally reveals Narcissus, and he’s more scandalous than anyone imagined - Polygon","Narcissus in Hades 2 has been placeholder art for a year, until now. Supergiant revealed the character in a major update. See for yourself what he looks like.","Hades 2 has been in early access for a year now, and while the game was functional and had most of the gameplay elements that will ship in the final game, many of those features initially sported pla… [+2824 chars]",https://www.polygon.com/gaming/607878/hades-2-narcissus-art-reveal-placeholder-unseen-update-greek-myth
2025-06-18,technology,"Midjourney launches its first AI video generation model, V1 - TechCrunch","Midjourney launched its much anticipated AI video generation model, V1, on Wednesday and laid out a roadmap for its future releases.","Midjourney, one of the most popular AI image generation startups, announced on Wednesday the launch of its much-anticipated AI video generation model, V1.
V1 is an image-to-video model, in which use… [+3716 chars]",https://techcrunch.com/2025/06/18/midjourney-launches-its-first-ai-video-generation-model-v1/
2025-06-18,technology,Worst-Reviewed Game Of 2025 Gets An Update To Address Some Of Its Issues - GameSpot,"MindsEye is one of the worst games of the year, but its developer is releasing updates to improve the experience.","MindsEye just received its second hotfix update, as developer Build a Rocket Boy slowly chips away at fixing the issues with what is currently the worst-reviewed game of the year.
When it launched o… [+2295 chars]",https://www.gamespot.com/articles/worst-reviewed-game-of-2025-gets-an-update-to-address-some-of-its-issues/1100-6532547/
2025-06-18,technology,YouTube is plugging Veo 3 AI videos directly into Shorts - The Verge,"YouTube is bringing its Veo 3 AI video generation model to YouTube Shorts later this summer, according to a Cannes Lions keynote from YouTube CEO Neal Mohan.",Googles new AI video generation model will come to Shorts later this summer.,https://www.theverge.com/news/689474/youtube-veo-3-ai-videos-shorts
2025-06-18,technology,"Apple looking to make 'premium' priced folding iPhones starting next year, analyst says - CNBC",Kuo is an analyst for TF International Securities who focuses on the Asian electronics supply chain and often discusses Apple products before they're launched.,"Apple has plans to make a folding iPhone starting next year, reliable analyst Ming-Chi Kuo said on Wednesday.
Kuo said Apple's folding phone could have a display made by Samsung Display, which is pl… [+1574 chars]",https://www.cnbc.com/2025/06/18/folding-iphone-apple.html
2025-06-18,technology,Facebook rolls out passkey support to fight phishing attacks - The Verge,"Facebook is adding support for passkeys, allowing you to sign into your account using your device’s authentication methods, such as a fingerprint, face scan, or PIN.","Using your device security instead of a password makes it harder to get tricked into giving up your Facebook account.
Facebook is adding support for passkeys on its mobile app. That means youll be a… [+2597 chars]",https://www.theverge.com/news/689410/facebook-passkey-support-phishing-attacks
2025-06-18,technology,Pixel Owners Say Android 16 Update Forcing Them to Give Up - Droid Life,"With the release of stable Android 16 to all of the Pixel owners who weren’t a part of the beta program, we sort of expected to hear some complaints. Things change with new Android versions, big updates often mess with settings or apps, and people are general…","With the release of stable Android 16 to all of the Pixel owners who weren’t a part of the beta program, we sort of expected to hear some complaints. Things change with new Android versions, big upda… [+2864 chars]",https://www.droid-life.com/2025/06/18/pixel-owners-say-android-16-update-forcing-them-to-give-up/
2025-06-18,technology,4 Essential Tips To Survive The Hiss In FBC: Firebreak - Kotaku,Remedy's latest title asks you to team up with friends to tackle the Oldest House,"While were all waiting for Control 2, Remedy Games has released a multiplayer-focused game set in its universe, FBC: Firebreak. This game has a much wackier tone than Control. Whereas Control had pro… [+5338 chars]",https://kotaku.com/fbc-firebreak-kits-jobs-research-control-remedy-perks-1851784749
2025-06-18,technology,"Harvest Moon Home Sweet Home Special Edition Launches in 2025 with New Features for Switch, Xbox, PS5, and PC - Noisy Pixel","Natsume announces Harvest Moon: Home Sweet Home Special Edition for release in 2025 on Switch, Xbox, PS5, and PC, featuring new tools, cutscenes, and marriage candidates.","Natsume Inc. has announced that Harvest Moon: Home Sweet Home Special Edition will arrive on Nintendo Switch, Xbox, PlayStation 5, and Steam this year.
This enhanced version occurs in Alba, a once-t… [+1395 chars]",https://noisypixel.net/harvest-moon-home-sweet-home-special-edition-2025-launch/
2025-06-18,technology,"Framework Laptop 12: An Upgrade-Friendly, Convertible 2-in-1 Linux Laptop Review - Phoronix",Back in February the Framework Laptop 12 was announced as the company's first 2-in-1 convertible laptop while still being well-built and upgrade-friendly/modular as we have come to enjoy out of their various Linux-friendly laptops.,Back in February the Framework Laptop 12 was announced as the company's first 2-in-1 convertible laptop while still being well-built and upgrade-friendly/modular as we have come to enjoy out of their… [+1561 chars],https://www.phoronix.com/review/framework-laptop-12
2025-06-18,technology,"Nearly 3,000 Nintendo Switch 2 consoles stolen in heist - USA Today","The Arapahoe County Sheriff's Office said 2,810 consoles were stolen from the puck up truck.","Authorities in Colorado are investigating a heist where an estimated $1.4 million worth of Nintendo Switch 2 consoles was stolen from a cargo truck.
According to the Arapahoe County Sheriff's Office… [+1296 chars]",https://www.usatoday.com/story/news/nation/2025/06/18/nintendo-switch-2-consoles-stolen-truck-colorado/84256592007/
2025-06-18,technology,Oh Banana! Donkey Kong Bananza Direct peels back the layers of DK’s transformative new adventure on Nintendo Switch 2 - News - Nintendo Official Site - Nintendo,"Donkey Kong and His New Partner Pauline Smash, Bash, Climb and Sing Their Way Through a Brand-New 3D Platforming Action Adventure Coming Exclusively to Nintendo Switch 2 on July 17 In today’s Donkey Kong Bananza Direct presentation, Donkey Kong retu…","06/18/25Check out the presentation
Oh Banana! Donkey Kong Bananza Direct peels back the layers of DKs transformative new adventure on Nintendo Switch 2
In todays Donkey Kong Bananza Direct presenta… [+7408 chars]",https://www.nintendo.com/us/whatsnew/oh-banana-donkey-kong-bananza-direct-peels-back-the-layers-of-dks-transformative-new-adventure-on-nintendo-switch-2/
2025-06-18,technology,"We compare Raidou Remastered on Switch 2, Steam Deck, Switch 1, & ROG Ally covering visuals and performance - RPG Site","Our new feature has Raidou Remastered Switch vs Switch 2 compared including backward compatibility and also the PC port on Steam Deck LCD, Steam Deck OLED, and ROG Ally.","Raidou Remastered: The Mystery of the Soulless Army is now available on consoles and PC and despite it being called a remaster, it feels more like a remake of Devil Summoner: Raidou Kuzunoha vs. The … [+11352 chars]",https://www.rpgsite.net/feature/17744-raidou-remastered-switch-2-vs-switch-vs-steam-deck-pc-port-best-version-rog-ally
2025-06-18,technology,Samsung’s first Android XR headset reportedly releasing in October - 9to5Google,"According to a new report, Samsung's Android XR headset has a release date in October, but ""Project Moohan"" will be teased in July.","According to a new report out of Korea, Samsung is planning to launch its first Android XR headset in September, with the actual release date beginning in October.
Samsung’s Android XR headset was f… [+1373 chars]",http://9to5google.com/2025/06/18/samsung-android-xr-project-moohan-release-date-report/
2025-06-18,technology,"16 Billion Apple, Facebook, Google And Other Passwords Leaked — Act Now - Forbes",Change all your account passwords now — don’t wait: 16 billion credentials are confirmed as having been leaked.,"The biggest password leak in history confirmed.
getty
If you thought that my May 23 report, confirming the leak of login data totaling an astonishing 184 million compromised credentials, was fright… [+3515 chars]",https://www.forbes.com/sites/daveywinder/2025/06/18/16-billion-apple-facebook-google-passwords-leaked---change-yours-now/
2025-06-18,technology,Grab these free retro Sega games for iPhone before it’s too late - 9to5Mac,If you’re a fan of retro Sega games – or just think you might be – you’ll want to download...,"If you’re a fan of retro Sega games or just think you might be you’ll want to download nine of them to your iPhone before they are discontinued …
CNET’s Zachary McAuliffe spotted the warning message… [+735 chars]",https://9to5mac.com/2025/06/18/grab-these-free-retro-sega-games-for-iphone-before-its-too-late/
2025-06-18,technology,Xbox has turned a corner — the future for Microsoft's gaming platform once again looks incredibly bright - Windows Central,"With the next-gen Xbox formally revealed, how are you, Xbox customer, feeling about Microsoft's gaming direction as of June 2025?","To say that Microsoft's Xbox efforts have been controversial would be an understatement.
Microsoft's Xbox Series X|S console platform has been thoroughly outsold by the PlayStation 5 this gen, as Mi… [+5725 chars]",https://www.windowscentral.com/gaming/xbox/xbox-has-turned-a-corner-the-future-for-microsofts-gaming-platform-once-again-looks-incredibly-bright
